area,bedrooms,bathrooms,stories,parking,has_pool,has_garage,has_ac,price
1360,2,4,3,3,no,no,yes,725181.4304450685
4272,3,4,2,1,yes,no,yes,1034740.7853523561
3592,1,4,3,2,no,no,yes,854607.0528206014
966,1,4,2,2,no,no,yes,592611.1132643368
4926,2,4,3,0,yes,yes,yes,1099565.5786235107
3944,5,1,1,3,no,no,yes,883928.6898479627
3671,1,3,1,2,no,yes,no,759270.905329724
3419,1,2,2,2,yes,yes,no,828336.3003487089
630,3,4,2,2,yes,no,yes,704645.8708837157
2185,4,2,2,2,no,no,yes,751719.4774398588
1269,2,1,3,1,yes,no,yes,644553.5773191768
2891,2,4,2,3,no,yes,no,899238.5004081471
2933,5,3,1,0,no,no,no,797345.4295663103
1684,5,2,3,0,yes,no,yes,847719.459031544
3885,2,4,2,1,yes,no,no,889614.057768327
4617,5,1,3,3,yes,no,yes,1115142.287314781
3404,3,3,3,2,yes,no,yes,901456.6523861076
974,2,2,2,1,no,yes,yes,546839.5825359285
1582,5,2,3,3,no,no,yes,725788.8503210464
3058,2,4,1,2,yes,no,no,811206.4707505782
2547,4,3,1,1,yes,no,no,778215.4904672544
3247,1,3,3,3,no,yes,yes,820298.7540057427
1475,2,3,2,0,no,no,no,521426.22359845875
2306,1,3,3,0,no,yes,no,628441.0341907459
689,5,1,1,3,no,yes,yes,677423.287609523
3234,1,3,3,0,yes,no,no,784628.7898946751
3505,2,2,3,3,no,no,yes,824444.9751103468
2399,4,2,1,2,no,no,yes,722781.5645672902
1767,5,1,3,3,yes,yes,yes,938146.8726151466
2028,2,2,3,2,no,yes,yes,690588.7335937272
3702,5,2,2,1,no,yes,no,951644.2256863104
4056,3,3,2,3,yes,yes,yes,1037669.4405576182
4390,1,2,1,1,yes,yes,no,870971.509386586
1146,3,1,1,0,yes,yes,yes,601545.090121154
3388,2,3,1,2,no,no,yes,715703.7179786729
2935,4,4,2,3,no,no,no,851100.7920257753
1100,5,3,1,1,yes,yes,yes,778869.7625641967
2863,1,1,1,2,yes,no,no,668355.6265016083
2561,5,3,1,2,no,no,no,791299.1409785738
741,2,3,2,0,yes,yes,yes,595411.6762730461
2541,5,1,3,0,yes,yes,yes,983571.9886160146
3324,1,3,1,2,yes,no,yes,801194.7120453167
3112,2,1,3,2,no,yes,yes,801110.3289426102
1863,5,1,1,3,no,yes,yes,734684.9744291493
1978,4,4,3,2,no,no,yes,815062.1926155942
3056,2,2,2,3,no,yes,no,773984.6074602699
1275,2,2,2,2,no,no,no,528570.9699435077
4514,4,3,1,0,no,no,yes,939617.6952897897
534,3,3,3,3,yes,no,no,692597.4628623221
3652,1,4,2,1,no,no,no,691855.9770748436
2455,3,4,1,0,no,no,yes,701755.1446348972
2085,5,4,1,3,yes,yes,yes,968711.5252425537
4443,4,1,2,3,no,yes,no,1069639.3182850964
3573,3,4,2,1,no,yes,yes,934240.8331728912
1521,2,4,1,3,yes,yes,no,708420.4040461589
3961,5,3,3,2,yes,no,yes,1129411.0657015075
3113,5,4,3,1,yes,no,no,1006042.951359677
4343,3,1,3,0,no,yes,no,834628.8207854695
2000,3,1,1,0,yes,no,no,612249.1339025351
661,4,3,2,2,no,yes,no,636783.2572796425
4797,1,4,1,0,no,yes,yes,888899.2635451844
2481,3,4,2,3,no,yes,yes,846892.9439832832
1495,3,1,3,3,no,no,no,591682.5730936329
3842,2,4,3,2,yes,no,no,980566.4700222694
4298,5,4,2,0,yes,no,yes,1133053.6996932847
1775,1,4,2,0,no,no,yes,580042.9581631171
1516,2,2,1,2,yes,yes,no,587276.071983211
837,4,3,3,1,no,no,no,633191.9007778397
1378,4,2,1,0,no,no,no,483921.9034598994
1576,3,3,1,1,no,no,no,542764.7309551521
4493,3,1,1,0,yes,yes,no,935266.7534627173
879,4,4,3,0,no,yes,yes,747627.9544511348
992,3,3,1,0,no,no,no,492909.0209360041
2562,1,2,1,0,yes,no,yes,665587.0796175936
4384,3,4,1,3,yes,no,yes,1060200.4544222378
564,5,1,1,1,yes,no,yes,560829.4232487736
3068,3,3,1,1,yes,yes,no,840714.0746123092
2527,2,3,1,0,no,no,yes,621451.7462680682
3195,1,3,3,0,yes,no,yes,794737.7481969189
1995,2,4,1,1,no,no,yes,605985.9447469283
891,2,2,2,3,yes,yes,yes,653195.3159960922
4974,5,2,1,2,yes,yes,no,1209422.3490837796
4061,1,3,1,2,yes,no,no,804437.6552438266
2778,1,1,3,1,yes,no,yes,793348.0616012336
3599,1,1,3,0,yes,no,yes,745661.2878573184
700,1,2,2,0,yes,no,no,459711.80206277024
3604,1,1,2,3,no,no,no,702289.242491696
2954,5,2,3,2,yes,yes,no,987741.5141880482
4145,3,3,3,3,yes,yes,yes,1115473.2867053794
1304,2,2,1,2,yes,yes,no,619946.0979191709
3231,1,2,3,1,yes,no,yes,772776.5014850162
3273,3,3,2,2,no,yes,yes,889615.7821789372
2070,3,1,1,3,yes,yes,no,671052.9272382816
3190,2,2,2,3,yes,yes,yes,935345.4797080621
4340,5,2,1,3,yes,no,no,1075814.5502236837
1528,4,3,3,1,yes,no,yes,821430.9112249598
1002,4,1,2,2,no,yes,no,688127.7438381334
4993,3,2,1,2,yes,no,yes,1039762.8868279968
1370,2,3,1,3,no,yes,yes,676284.2891633268
4988,4,2,3,2,yes,yes,no,1205950.8849753034
706,3,4,3,0,no,yes,no,538069.599302431
1984,5,3,3,0,no,yes,no,831110.1959624869
1363,4,1,2,0,yes,no,no,584811.9514904965
3290,3,1,1,2,yes,no,yes,783572.8964528758
1063,3,1,3,1,no,no,no,501090.80184594257
4691,1,1,2,1,no,no,no,744718.5259994788
2257,5,2,2,1,yes,yes,yes,940213.7988221309
2178,1,2,2,1,no,no,no,545819.6947502011
3742,2,1,3,0,no,yes,no,783822.5585154721
1559,1,1,3,0,no,no,yes,517580.50323617883
2222,1,1,1,3,yes,no,no,620704.5896477631
3814,4,2,1,2,no,no,no,844678.7256770004
3657,3,1,3,2,no,yes,no,823964.8564177564
3125,5,1,2,1,no,yes,no,835320.0163192983
3229,1,4,2,0,yes,yes,no,813689.8350182795
2097,5,4,2,1,yes,yes,no,946703.5864942325
3560,1,1,1,3,no,no,yes,651142.6102682804
3193,2,3,2,2,yes,yes,no,878959.6443067415
4127,1,1,1,2,no,yes,yes,735731.2663083165
1863,4,4,1,1,yes,no,yes,822077.5395715784
2481,3,3,2,3,yes,no,yes,870370.4183509417
2163,2,3,2,2,no,yes,yes,695915.9189213217
2029,1,1,3,3,yes,no,no,617318.1438658712
2538,5,4,3,3,yes,yes,no,1070422.9561475278
3802,2,4,2,1,yes,no,no,926443.967436895
2737,2,3,1,0,no,yes,yes,670796.4248765196
1806,1,1,1,1,yes,yes,no,589198.1232584823
4529,2,2,1,0,yes,yes,no,876632.8684591651
3175,5,2,1,3,no,yes,no,927195.8230807866
1782,2,4,1,0,yes,yes,yes,738695.7273109594
1209,5,2,3,3,yes,no,yes,850558.9952444732
4913,1,4,2,2,yes,yes,no,976268.2608115826
4248,3,4,3,2,yes,yes,yes,1165235.5695037234
1163,2,4,1,2,yes,yes,yes,721360.578129906
2498,3,2,1,1,no,yes,no,697112.892595835
3945,5,4,1,1,no,yes,yes,1035370.2218969293
4243,2,3,1,3,yes,no,yes,922936.3933500368
1995,4,1,2,2,yes,no,no,771988.8831305733
3804,3,1,1,1,yes,yes,yes,932344.191624499
4263,2,4,2,2,no,no,yes,884037.31669466
2353,3,1,1,1,no,yes,yes,719728.8503155325
1791,2,2,2,0,yes,no,yes,643050.0830390616
4081,1,2,3,0,yes,no,yes,861974.1085943552
3957,3,1,1,2,no,yes,yes,860409.3399074395
2136,4,2,2,3,yes,no,yes,846260.1981024484
4196,4,1,3,1,no,no,yes,975726.975649293
3499,5,1,1,1,no,yes,no,885892.2495379555
3652,2,1,1,0,yes,yes,no,805555.4125091825
1198,3,4,1,0,no,no,no,535336.9305763614
2660,5,1,2,3,yes,no,no,907675.1517060319
4597,3,4,2,3,yes,no,yes,1079670.607778783
1354,2,1,3,3,yes,yes,no,717903.289354942
3974,4,1,2,2,yes,no,no,932795.359040931
2207,1,1,2,0,yes,no,yes,538905.8503777504
3277,4,2,1,2,yes,no,yes,850116.9502353411
2233,5,4,1,0,no,yes,yes,813410.6365973233
4010,1,4,1,0,no,yes,yes,823454.6195304613
702,5,1,1,1,no,yes,yes,595337.6063499809
3755,2,1,1,0,no,yes,no,687766.4978784587
4718,1,2,1,0,yes,no,yes,864697.8276562452
4996,5,2,1,2,no,yes,no,1042949.6364165094
1266,2,2,3,0,no,no,no,546524.2172610323
4889,4,4,3,2,no,no,yes,1153853.712194604
2827,2,4,3,3,yes,no,no,878356.4396171395
3431,3,4,3,0,no,no,no,855703.8435497498
697,2,1,1,0,yes,yes,yes,538217.2136306914
2430,2,4,3,2,no,yes,no,785630.0417212179
4082,3,3,1,3,yes,yes,no,1029049.0398891644
1108,5,3,3,1,yes,yes,no,866067.0616617159
3772,5,2,2,3,no,yes,yes,1013626.943076288
1647,2,4,3,2,yes,no,yes,779306.4591496222
4782,3,3,3,3,yes,yes,yes,1197475.114677285
3897,3,2,1,2,no,yes,no,875188.5840235212
3011,4,4,3,2,no,yes,yes,977784.24948652
2294,5,1,2,1,no,yes,no,756467.1900167072
1159,1,3,1,0,yes,no,yes,520969.9898093346
3311,5,1,1,2,yes,no,no,916540.7766976072
1869,5,4,3,2,yes,no,yes,910918.686537702
2486,4,3,1,1,no,no,yes,712855.8153998861
646,1,4,1,2,yes,no,no,488984.85276088235
3719,4,1,1,0,yes,yes,yes,911622.6878375534
3411,1,3,1,1,yes,no,no,673132.5159268746
2234,2,1,1,0,yes,no,yes,658345.8586074545
2343,1,4,1,0,yes,no,yes,660390.8022595267
988,4,4,2,1,yes,yes,no,755396.8642746009
3476,5,1,3,2,yes,yes,no,1086279.1261410625
2459,1,3,2,0,no,no,no,587433.8048537144
2885,1,1,1,0,no,yes,yes,592437.3436799996
3419,3,4,1,0,no,yes,no,816838.2353592446
2302,5,1,3,0,yes,no,yes,848947.8860287056
4561,2,4,2,1,yes,yes,no,1064550.5257078784
3869,4,1,3,1,no,yes,no,916877.2739494923
762,2,3,2,3,yes,yes,no,617938.2137442537
1123,5,3,1,3,no,no,no,610983.2767958412
1516,1,1,3,0,yes,no,no,575854.8404222006
4143,1,1,3,2,yes,no,no,820641.5590671211
2549,5,3,1,0,no,yes,yes,855006.3496689993
4223,1,4,3,2,no,no,no,864452.9029214516
3608,1,3,2,0,no,yes,yes,768300.3563636523
4590,1,4,2,3,no,yes,no,936204.5774899062
2556,4,1,2,3,no,yes,no,848101.336445886
3670,4,1,2,2,yes,no,no,863558.0971407063
2182,3,4,1,0,yes,no,yes,736606.3430773222
2755,2,1,3,2,yes,no,yes,822696.9728205111
1654,5,4,2,3,no,no,no,751905.6497466123
4999,5,2,1,0,no,yes,yes,1089418.4842333274
3691,5,3,3,0,no,no,no,955867.4914726088
2196,3,2,3,2,no,yes,no,767753.8705539701
4491,4,4,1,1,no,no,yes,959005.292871772
2148,3,3,1,2,no,no,yes,642453.0153444813
1945,5,4,2,3,yes,no,yes,960711.3768240222
4699,2,3,3,3,yes,yes,yes,1217359.3480345167
4423,1,3,3,3,yes,yes,no,1021676.7760775058
753,4,3,1,3,yes,yes,yes,705518.637678043
3683,4,3,3,3,yes,yes,yes,1147025.4947038025
3057,3,4,2,1,no,yes,no,866507.8891420359
598,4,3,3,0,no,no,yes,582264.4270431219
2700,5,3,1,2,no,yes,yes,880634.6422173182
3461,5,2,1,2,no,yes,yes,923678.6531376112
4933,3,1,2,3,no,yes,yes,1012359.0839940894
4277,5,1,2,2,no,yes,no,992535.1065716586
3369,2,2,3,3,yes,no,no,846072.9667451949
3734,3,2,3,1,no,yes,yes,891324.8677594332
4291,2,4,1,1,no,no,yes,859331.2615702505
1456,1,4,2,0,no,no,no,490120.138804089
4567,2,4,2,1,no,no,yes,908612.7468964955
660,1,2,2,1,yes,yes,yes,563495.6915016454
4993,1,2,3,0,yes,no,yes,903694.7288332466
1800,2,3,2,2,no,yes,yes,707896.0876899027
4487,3,4,1,3,yes,yes,yes,1101229.3539913131
2027,5,4,1,3,yes,yes,yes,974884.6840433833
1718,5,4,3,2,no,yes,yes,923789.473162569
4996,1,1,3,0,no,yes,yes,933534.5383485854
3604,1,3,2,2,no,no,yes,773488.6325096673
3235,3,4,3,1,no,no,no,870501.5649016298
1454,4,4,1,0,no,yes,no,655742.6057660973
3946,2,4,2,0,yes,no,no,866374.6745990673
1545,1,1,1,0,no,yes,yes,471772.1548152897
2193,5,1,2,3,no,no,yes,817523.7470203463
3936,3,2,3,2,no,no,no,892528.7723106873
1062,2,3,2,0,yes,no,yes,600252.1563958538
2985,3,2,2,0,no,no,no,651667.9397518644
3854,2,3,1,0,no,no,yes,773791.7752729898
725,2,1,1,2,no,yes,no,426657.8609565109
1459,1,4,2,3,yes,yes,no,683423.0781860084
3567,3,2,3,1,no,no,no,777545.4473018695
1315,3,4,3,3,no,yes,yes,794004.938675939
3620,5,2,1,0,no,no,no,848351.7289541207
516,5,1,3,3,yes,yes,yes,777639.1836685936
1743,1,1,1,3,no,no,yes,559657.2785952226
2705,1,1,3,1,no,no,yes,662794.3066736072
3024,4,2,2,2,no,no,yes,788461.9381024813
1569,5,3,1,2,yes,yes,yes,855416.7445346504
3944,2,2,1,3,no,yes,yes,838192.4919902758
3065,3,3,2,3,no,no,yes,861448.6637320715
1560,1,2,1,2,no,no,no,426355.09956988774
2827,3,2,3,2,yes,yes,no,854066.4156883146
3920,3,1,3,1,yes,yes,no,947228.2266978873
801,4,4,1,0,no,yes,yes,675181.8222108878
4776,5,4,3,3,yes,yes,yes,1316824.5132847235
1106,1,3,1,2,yes,yes,yes,632553.3159007004
3670,3,4,2,3,yes,no,yes,1025116.9329264113
1199,1,2,1,3,no,yes,no,459531.73221776774
1639,2,2,2,2,no,no,yes,566918.7761853604
690,4,1,3,1,yes,no,no,624193.9256159279
2800,2,1,2,3,yes,yes,yes,828279.3504903384
1480,1,4,3,1,yes,yes,no,754133.6365118248
3475,1,3,1,2,no,no,yes,680650.3281475733
1684,5,4,3,0,no,yes,no,791122.1969030144
3827,3,4,1,0,yes,no,yes,921416.3277843924
3894,3,4,1,3,yes,yes,no,995563.1998665013
627,2,4,2,2,yes,yes,yes,605945.0220314938
2565,4,2,2,1,yes,yes,no,919540.4368824145
2316,3,3,2,3,no,no,no,694370.8384132053
1069,5,2,2,2,yes,yes,yes,843726.7816804542
2395,2,3,3,2,no,no,no,661898.2648632753
3233,2,1,3,1,yes,yes,yes,852408.9527875104
4363,5,4,3,3,yes,no,yes,1172612.0099195628
4514,4,2,1,2,yes,yes,yes,1059164.1979921076
3401,5,3,3,2,yes,no,no,1010771.5454765435
2186,4,1,3,2,yes,no,no,794623.0296796531
3509,5,1,3,1,no,no,yes,904722.9347287065
654,5,4,2,3,yes,no,yes,767154.4051910852
3037,1,3,3,3,yes,no,no,802983.0051496822
1909,2,2,1,3,yes,no,no,689310.3200032442
4557,5,4,2,3,no,yes,no,1180551.7163623543
1284,5,2,1,0,no,no,yes,632070.6108674407
3675,3,1,3,0,no,no,yes,827392.9774022052
4841,2,2,2,3,no,no,yes,1000924.6840340603
3306,3,2,1,1,yes,yes,yes,902737.4297876549
1037,2,4,3,0,yes,yes,yes,743025.6958161265
2341,3,2,1,2,yes,yes,no,727162.5092165937
2955,5,4,1,0,no,no,yes,812121.0831628558
1024,5,1,1,2,yes,yes,no,711419.290489964
3450,1,4,3,3,yes,yes,no,925776.7332477726
4631,3,4,3,0,no,no,yes,963161.3413893048
4615,4,3,1,1,no,no,no,890026.2285530325
2868,1,2,2,0,no,yes,yes,634092.8807345661
4347,3,1,2,0,yes,no,no,850958.4654175384
4995,3,4,3,0,yes,no,yes,1119683.066644327
3201,1,1,3,3,no,no,yes,788989.7177945406
1471,5,3,3,1,yes,no,no,836009.4654814085
1666,3,2,3,0,no,yes,yes,715684.6645511831
3274,5,4,3,1,no,no,no,893693.9984680478
2482,1,2,2,3,yes,yes,yes,796778.9011506605
1353,5,3,3,2,no,yes,yes,843291.2029010858
4646,2,3,1,0,no,yes,yes,903322.2329085354
4236,4,1,1,1,no,yes,no,867779.3759156762
4269,3,4,2,1,yes,no,no,1031762.3022304401
1074,4,1,1,3,no,no,yes,593983.2654889347
3761,5,3,2,0,no,no,no,900606.7006481062
1648,3,2,2,2,no,yes,yes,645926.7932545944
2215,5,1,1,1,no,yes,no,723299.7295416704
4354,2,1,3,0,no,yes,no,879877.7805009191
2991,1,2,1,2,no,no,yes,655767.2682442311
3160,3,1,1,1,no,yes,yes,696332.2718077068
3624,2,2,2,1,yes,no,yes,833909.7478056133
3551,2,4,1,2,yes,no,yes,937056.9840208901
504,3,2,2,2,no,no,yes,525880.7783915543
1376,5,4,3,3,yes,no,no,892272.4794813339
1491,2,2,3,0,yes,yes,no,717670.2786186191
4642,4,3,3,0,no,no,yes,1009561.5757535928
4864,2,3,1,3,yes,yes,yes,1095130.8957987372
4965,5,4,2,1,no,no,yes,1123841.8763147509
1135,5,4,3,2,no,yes,no,832254.4659053118
2193,4,3,2,2,no,yes,yes,850676.4697050041
2182,2,4,2,2,no,no,yes,691771.1036445564
619,5,2,3,1,no,no,no,603466.0734573199
1330,3,2,3,2,yes,no,no,667362.7145889503
4175,1,3,2,2,no,yes,no,798308.7264338913
1869,1,1,3,3,yes,no,no,679235.8973202993
1240,1,2,2,1,no,no,yes,479302.4890064363
616,2,4,2,0,no,yes,no,557424.8054757337
3338,4,1,3,3,no,no,no,905761.1802375395
1650,5,1,1,3,yes,yes,yes,841602.5244272863
2431,3,2,3,0,no,no,yes,673695.3260492813
1512,3,2,1,3,no,yes,yes,670314.355624426
2164,2,1,2,1,no,yes,no,591265.6917971064
1581,1,1,2,2,no,no,yes,448695.4862283504
1012,2,3,1,1,yes,yes,no,581148.1328521336
3349,4,4,2,0,no,no,no,832753.8836380646
1059,4,3,1,0,yes,no,no,596600.2681270604
4172,5,2,1,3,no,yes,yes,1019053.6473914554
3843,5,3,2,1,yes,no,no,970973.9253360113
4570,4,3,1,1,yes,yes,yes,1097877.6644506282
1970,4,3,3,0,no,yes,yes,863078.0784964872
1080,4,3,3,1,no,yes,yes,781358.7166415345
2794,2,4,2,0,yes,yes,no,839008.8066396089
3647,4,4,2,1,no,yes,no,969962.2735679313
4749,3,1,1,1,no,yes,no,875920.7056722263
2179,1,2,1,1,no,yes,yes,538764.6046213888
4006,4,3,1,0,yes,yes,no,959517.049316179
3244,1,1,1,3,no,no,no,590321.6693800355
3856,2,1,3,1,no,no,no,765240.9024803597
4545,1,1,3,0,no,yes,no,851496.4411181626
1743,2,4,2,0,yes,no,no,713502.2877074538
3618,3,3,1,1,no,no,yes,808738.630935416
2641,2,3,1,1,yes,no,yes,689085.3098846793
3559,2,2,2,3,no,no,yes,812780.2815048593
3459,5,3,1,0,yes,no,yes,948595.6848874014
2765,4,3,1,0,no,no,no,726865.316115786
2979,4,1,1,2,no,yes,yes,817324.1334879751
2135,3,2,1,0,yes,no,no,645495.5482188204
2257,3,3,1,3,yes,no,yes,781738.1772633882
4952,4,4,2,2,yes,no,yes,1155842.9405067337
2570,5,3,1,2,no,no,yes,842396.9728044554
3349,4,1,2,2,no,yes,no,794645.488515695
3751,5,4,1,1,no,yes,no,960581.3430300852
4230,3,1,3,1,no,yes,yes,968636.9990398773
2989,1,3,3,0,yes,yes,no,848121.868230166
2131,3,4,3,2,no,no,yes,781149.9066760929
3316,3,2,3,3,no,yes,yes,972161.0934247136
1515,2,2,2,1,no,yes,yes,667200.7153625384
1848,2,4,2,3,no,yes,no,708238.5279681197
3587,2,4,1,3,no,yes,yes,876953.7440150455
3339,2,1,3,1,no,no,yes,743437.7658972422
835,5,4,2,1,no,yes,yes,756041.4464481071
1395,4,1,1,1,yes,no,no,647224.6800356656
4046,1,3,1,1,no,yes,yes,786388.2446147121
1351,3,1,2,2,no,no,no,591241.9630831641
2187,5,4,3,2,no,no,yes,874677.2734182135
2431,1,4,1,2,no,yes,no,625167.2524114731
4246,5,3,3,2,yes,yes,yes,1230313.3163467604
2927,5,4,3,0,yes,yes,yes,1099616.8128660761
2068,3,4,3,2,yes,yes,no,892159.6644303874
4500,4,2,1,1,yes,no,no,968052.5319389882
3238,2,2,3,3,yes,no,yes,957428.9171407593
3998,4,3,1,2,yes,yes,no,1057139.583446059
4413,3,1,3,0,no,yes,yes,942227.762533475
1566,3,2,1,1,yes,no,yes,638665.5935045419
4880,3,1,3,3,yes,yes,yes,1175851.7659944415
2944,1,4,2,3,no,no,no,744278.5174027766
4607,4,2,3,2,yes,yes,yes,1183257.3004798025
3873,4,3,3,3,no,no,no,962489.5894201953
4469,5,3,1,2,no,no,yes,1014608.310911995
3046,5,3,1,2,yes,no,no,910174.4130614583
1253,5,2,3,1,no,no,no,670988.9364925611
2582,3,1,2,1,yes,no,yes,745165.5559021205
3274,4,4,2,0,yes,yes,no,975355.959078449
3396,3,1,1,1,no,no,yes,705210.5411269197
4685,1,1,2,1,no,yes,yes,858821.375127434
1275,5,4,3,2,yes,no,yes,824503.8030334286
2125,3,4,1,1,no,no,yes,669503.7749419755
3569,3,2,3,2,no,yes,yes,969849.8760208214
917,1,2,1,2,yes,yes,no,504687.1232360653
614,2,2,1,1,yes,yes,yes,584163.0588312943
1116,4,2,1,0,no,yes,no,547081.4874990077
4474,2,2,1,0,yes,no,no,850673.5697037966
3767,5,4,2,3,yes,yes,yes,1172786.7315840437
1325,3,1,3,3,yes,no,no,677400.6018690414
2016,1,2,3,1,yes,yes,yes,738230.5443564105
3646,1,2,3,0,yes,yes,no,794297.1909863491
912,4,1,1,2,yes,no,no,620362.7245626939
1228,2,2,2,3,yes,no,no,656903.0032454721
3848,4,1,3,2,no,yes,yes,973999.0550901513
3308,3,1,2,3,yes,no,no,861526.1251270464
1175,4,4,1,1,no,no,yes,665867.3204063617
3965,1,3,3,0,no,no,no,753762.2734300512
3004,1,4,2,3,no,no,no,692152.585418464
3467,5,3,1,0,yes,no,no,954522.4639585554
3286,5,3,2,2,yes,no,no,966824.348852136
1622,3,3,3,1,no,no,yes,668925.9569235857
4579,2,2,3,0,yes,no,yes,1007063.7579400177
2071,4,4,1,1,no,yes,no,770401.7630266862
2643,3,3,1,0,yes,no,no,732022.9022817404
2187,5,1,1,2,yes,yes,yes,839577.1800979235
4632,4,2,2,2,no,no,yes,1017284.1217463966
4351,5,4,2,1,no,no,yes,1136995.5581655924
3940,4,3,2,2,no,no,yes,980415.2299163562
4266,2,1,1,3,yes,no,no,866482.654888777
2826,3,4,3,0,no,yes,no,854232.7838945829
3414,4,4,3,2,yes,yes,yes,1101556.5400049437
4452,1,2,2,3,yes,no,yes,920070.4781122055
1095,1,4,2,1,yes,yes,yes,653986.6354729135
1228,4,2,3,3,no,no,yes,700551.5013383937
1865,4,3,3,1,no,no,yes,750926.6540267195
4992,4,2,2,1,no,yes,yes,1053486.7842325324
1198,1,1,2,0,yes,yes,no,512459.46473497606
895,1,2,3,0,yes,no,no,491319.659052597
4671,4,1,1,3,no,no,no,919390.3557102911
4860,5,2,2,0,yes,yes,yes,1158363.7905462354
3002,5,4,3,0,yes,no,yes,1015220.8736053511
2319,2,3,3,0,no,yes,yes,787568.9269003344
1217,3,1,3,3,no,no,no,599002.0271614953
3282,5,2,3,2,no,no,yes,1014526.7297840235
4077,1,2,1,0,yes,yes,yes,848280.6861946783
643,5,2,3,0,yes,yes,no,720882.2122735148
3640,2,4,2,3,yes,yes,yes,1059487.49717141
4991,2,4,1,2,yes,no,no,986714.181968754
3438,3,1,3,0,yes,no,no,751989.4754479761
4136,5,1,1,1,no,no,yes,898479.9057449445
3722,1,4,2,3,yes,no,no,869724.7248616812
1667,1,1,3,0,yes,yes,yes,694896.4215886501
3116,4,3,2,0,yes,no,no,834672.999449989
1562,1,3,3,1,no,no,yes,571220.3554576518
2656,3,4,3,1,no,no,no,818629.1812818138
3482,3,1,3,3,no,yes,yes,935032.2559817254
3794,1,2,3,3,yes,no,no,859256.295250806
1656,1,3,3,1,no,no,no,527905.430005809
1232,4,4,1,3,no,yes,no,728752.3718062509
4830,1,1,3,1,no,no,yes,847120.9657034519
1453,4,4,3,0,yes,no,yes,782265.1220437841
3039,4,2,1,1,no,yes,no,767424.603760164
3824,1,3,1,1,yes,no,yes,782965.8365666475
3801,2,4,1,2,yes,no,no,840323.3315870836
2042,2,4,1,1,no,no,yes,657221.0127991701
1691,4,4,1,1,yes,yes,no,818081.8007586132
3493,1,2,1,2,no,no,yes,717370.2336915738
3181,2,4,3,3,yes,no,no,913234.9864630557
1717,1,2,3,2,no,yes,no,604421.1363659953
2040,1,2,2,0,no,yes,no,547268.5367032599
3736,1,2,3,2,no,no,no,784233.0471871833
2886,5,3,3,0,yes,no,yes,913995.5653401251
4219,1,3,1,3,no,no,no,761465.4168992774
1888,5,4,1,2,yes,no,yes,842179.6311748675
2356,4,4,3,2,no,yes,yes,966396.6263976522
1865,2,3,2,3,yes,no,no,697176.2742965864
999,2,1,1,0,yes,yes,yes,500820.33493680676
2180,2,3,3,2,no,yes,yes,784702.7092674037
1010,2,2,3,0,no,no,yes,509896.57415318256
4812,2,3,2,2,no,no,no,884492.1357694512
1824,2,2,2,1,no,yes,yes,627599.0412982252
1655,2,4,1,2,no,yes,yes,654515.4566251758
2327,4,1,2,3,yes,no,no,818956.8094456993
3641,1,4,3,3,no,yes,no,895813.6209967353
3986,3,2,3,0,no,no,yes,862661.0273310841
2310,5,2,2,2,yes,no,no,818052.8336946099
3423,3,2,2,0,no,yes,yes,827233.2002983624
2714,3,1,2,0,no,yes,yes,739218.8357280007
4686,1,3,2,1,yes,no,yes,942559.6334477847
1213,1,4,1,1,no,yes,no,521126.53148975305
4102,1,4,2,3,no,no,yes,847522.2199951742
4634,2,3,1,0,no,no,no,721304.7022222395
4022,4,4,3,3,yes,no,no,1151188.562801558
4768,2,1,2,2,no,yes,yes,897510.893776744
1743,4,4,1,0,yes,no,no,655351.2612399919
4209,4,2,2,0,no,no,no,864815.4683901229
1581,3,3,3,2,yes,no,no,696844.4449030784
955,3,1,3,2,no,no,no,521356.03754275345
1394,4,3,3,3,yes,no,no,820865.5127742649
1884,4,1,2,3,yes,no,yes,846580.6180542214
2458,2,2,2,2,yes,no,no,727425.3542481713
3572,2,3,1,3,yes,no,yes,869025.2218736936
2496,3,4,3,2,yes,no,yes,908057.4133677947
4785,1,1,2,0,yes,no,yes,804242.4212847529
1004,4,3,3,0,no,no,yes,636877.4367250456
1714,2,4,3,1,no,yes,yes,722906.5518821917
2031,3,3,1,0,yes,no,yes,707699.8598641154
3940,2,3,1,2,yes,no,no,912265.6883808131
1323,4,3,1,3,yes,no,no,659196.1413380328
1428,4,1,1,1,yes,yes,no,665569.6716527654
633,5,4,3,3,no,no,yes,713294.7136802446
2605,1,2,1,2,yes,yes,no,685399.0772024847
4127,5,1,1,0,no,no,no,806761.9357664601
2352,3,1,1,1,no,no,no,535369.610774958
4675,2,1,1,2,yes,yes,yes,994892.7609158934
3433,3,2,3,1,yes,no,no,885969.4311155129
3784,4,4,1,1,no,yes,yes,987275.6688896214
4798,5,4,3,0,no,yes,no,1113850.3852599752
3311,5,4,2,2,yes,no,yes,1048978.5057265975
1750,5,3,3,3,yes,no,yes,977839.2192364894
4012,3,3,3,1,yes,no,yes,1006118.3941467266
1756,4,3,1,1,no,no,no,654838.6964747832
3876,2,2,2,3,no,yes,no,844076.3109184981
3986,2,3,2,2,yes,yes,yes,1020080.5203009278
4084,3,2,2,1,no,no,no,806932.4192058409
1896,5,4,2,1,no,yes,yes,807707.3287182099
4137,1,3,3,1,yes,yes,yes,978472.5133623688
3830,3,3,2,2,yes,no,no,918890.9057218812
3203,3,1,3,2,no,yes,no,781556.5592180821
970,4,2,3,3,no,yes,no,717744.7855501953
1853,2,4,3,2,yes,no,yes,768494.2054514004
3283,3,1,2,2,yes,yes,yes,1011079.2383538805
3331,3,1,1,0,yes,no,no,689166.73299759
857,5,4,1,3,yes,yes,yes,814312.2517264958
3519,5,1,2,1,yes,no,no,942986.5331994337
1167,1,2,1,2,no,yes,yes,512709.3435807973
4968,4,2,1,1,no,yes,no,1007276.0692778665
1645,1,3,3,1,no,no,no,560911.731616937
4685,5,1,3,0,no,no,yes,991030.7861620645
4219,2,3,2,2,yes,no,no,880527.228207611
3245,5,1,2,3,yes,no,no,971632.492421841
1039,4,2,1,2,yes,yes,yes,695246.494432321
3279,5,2,3,1,no,yes,no,959667.1788349248
4636,4,2,2,3,no,yes,yes,1106169.9627177054
4275,4,1,2,2,no,no,no,883692.4658791012
3008,4,2,2,1,yes,yes,yes,936675.573929366
3279,4,1,2,1,no,yes,no,793388.2168601694
1424,4,3,2,0,yes,no,no,706282.281501129
3456,2,1,2,0,yes,no,no,644222.1350675516
2081,1,3,1,0,yes,yes,no,649571.7901717043
3824,3,1,3,1,yes,no,yes,930984.2902292714
4985,1,3,3,2,yes,yes,yes,1081815.5290084095
755,4,2,2,0,yes,yes,yes,702769.0682399154
2338,2,3,3,2,no,no,yes,692593.3082420361
2444,5,2,3,0,yes,yes,yes,882010.2193577235
509,2,2,3,3,yes,no,yes,639957.2520986189
3371,4,3,2,3,no,no,yes,961596.3851655407
1297,2,1,2,0,yes,yes,no,527517.9408418979
1515,2,1,3,1,no,yes,no,554925.5976901077
2324,4,4,3,0,no,yes,no,854969.7467908231
4969,2,1,2,0,no,no,no,817666.6927984055
3636,3,4,1,1,yes,yes,yes,1067493.2536892013
2693,3,1,3,3,yes,no,yes,896569.7240647769
723,2,1,1,2,no,no,yes,457362.73415679147
4658,5,2,3,0,yes,yes,no,1112886.3390001536
4425,4,4,1,1,yes,no,yes,1063244.1738917204
4500,3,1,1,0,no,yes,no,874862.4098742611
2133,5,4,1,1,no,yes,yes,843368.2770478128
2652,2,2,2,2,yes,yes,yes,831683.562787886
1010,5,2,1,2,no,yes,yes,705240.605798208
884,1,4,1,3,no,yes,yes,553465.039555833
904,3,2,1,1,no,yes,no,533468.9054236994
2500,2,3,3,1,yes,yes,no,832319.1641482704
3256,4,3,1,3,yes,no,yes,994999.5923954197
2168,2,2,3,3,yes,yes,no,806118.2267246789
1960,4,3,1,1,no,no,yes,711241.8563819051
4136,2,1,1,3,yes,no,yes,873813.0415402384
3224,5,4,2,2,no,no,yes,981592.7832534673
4678,5,1,3,0,yes,yes,yes,1140298.246326243
2548,5,4,1,2,yes,no,no,912004.1896083562
4646,1,2,3,3,no,no,yes,931447.0748726535
1216,4,1,3,1,yes,yes,yes,744600.3160082657
2323,5,2,2,1,no,yes,no,840371.262620118
2581,1,2,2,2,yes,no,yes,713105.6783915594
3919,4,4,2,1,yes,yes,no,1042806.0991612155
2074,2,4,2,3,no,yes,yes,761099.7566498993
749,1,4,2,2,no,yes,yes,583846.0083429472
1173,3,1,2,1,no,yes,yes,602161.3493328943
2665,1,3,2,0,yes,no,yes,717624.2155662506
1270,1,4,2,0,yes,yes,yes,668706.6235295543
4462,4,4,1,3,yes,yes,yes,1179457.5393605053
4863,2,1,3,1,no,yes,no,1004588.5234845917
2484,3,4,2,3,no,no,yes,814590.7527199555
1577,5,1,2,2,no,no,no,645662.7984028228
735,5,2,3,0,yes,yes,no,682905.6000298529
888,1,4,1,2,yes,yes,yes,592940.4960542824
3537,4,4,3,1,no,no,no,955760.4595225874
2348,4,2,3,3,yes,yes,yes,991397.7352031933
3314,5,2,2,3,no,yes,no,915900.4186045502
3874,3,2,3,3,yes,no,yes,1086326.3732299765
3778,2,4,3,2,yes,yes,no,1017602.9343298452
1752,3,3,2,0,no,yes,no,669009.5015964102
4481,2,3,2,2,yes,no,yes,1055426.7553980825
2622,5,3,2,2,yes,no,no,964383.6716248464
2650,2,4,2,1,no,yes,yes,813434.1242749648
1829,4,2,3,1,no,no,yes,752776.4182247877
1858,1,4,3,1,yes,yes,yes,808483.552885126
2982,1,2,1,0,no,yes,yes,640970.9860486395
2517,5,4,1,0,yes,yes,yes,950303.7869263259
1831,4,4,3,1,no,no,no,765329.6148222414
4844,3,2,1,1,yes,no,no,935596.5221686476
4761,4,3,3,0,yes,yes,no,1097137.4147085333
1858,1,2,1,3,no,yes,yes,602816.08796074
3677,1,1,2,0,yes,no,no,678062.0217628224
2628,4,1,1,0,yes,no,no,714731.1771261669
2680,4,2,2,0,no,no,no,654586.2854398047
637,1,4,2,1,no,yes,no,508931.1553152264
3972,3,1,2,3,yes,no,no,863261.765132955
3332,5,1,2,0,no,no,yes,821095.8082002099
4079,5,4,1,1,no,yes,yes,1058023.0322344254
3531,4,4,3,2,yes,yes,no,1106834.401345376
4664,5,3,2,2,yes,yes,yes,1236570.776266505
3093,1,4,1,0,no,no,yes,668892.0174342165
4800,1,2,2,2,no,yes,no,846421.8005425752
4318,4,2,1,3,no,yes,no,996218.2506460027
4638,4,3,1,2,yes,yes,yes,1090907.9590648466
4323,4,1,1,2,yes,yes,no,1025137.2746136298
4542,3,1,3,3,yes,no,yes,1068031.1427244511
2406,5,4,1,0,yes,yes,yes,971367.0454421862
1260,4,2,1,0,yes,no,no,606746.054520489
3945,2,1,3,3,yes,no,yes,914937.0767836694
1399,2,3,3,3,yes,no,yes,706120.4242752225
4955,1,3,1,3,no,yes,yes,915052.6199628122
3447,5,2,3,2,no,no,no,875596.7575417896
2219,4,3,2,3,yes,yes,no,935160.0875080969
780,2,3,2,1,yes,yes,no,645022.5085909719
3766,5,2,3,2,yes,yes,no,1113210.9977577054
2387,1,4,3,0,no,no,yes,667708.7726378016
3766,3,4,1,0,yes,yes,no,988428.7830938754
1166,5,3,3,0,no,yes,no,733655.5455110797
4688,5,4,1,2,no,yes,no,1095427.5042443168
1171,3,4,2,1,no,no,no,590664.4546001264
2469,5,3,3,3,no,no,yes,911750.7580060966
4656,1,4,1,3,no,no,yes,909529.2346949329
3622,1,3,1,0,yes,yes,yes,803195.0993238643
4400,3,1,2,0,yes,no,no,858982.6652045608
1023,4,2,3,2,no,yes,no,712744.0815622807
2893,2,2,2,1,yes,yes,yes,819371.7490031298
3617,4,4,1,3,no,no,no,900704.4608422554
3093,5,4,1,2,no,yes,no,919060.1564070942
2468,2,4,3,3,yes,no,yes,881453.4610532005
2253,3,2,1,0,yes,yes,yes,735101.3264460013
2796,3,1,3,3,yes,no,no,815382.3374175272
2761,2,1,2,1,yes,yes,no,726508.0363456914
2786,1,2,3,1,yes,yes,no,798899.9032958435
4702,2,1,3,0,no,yes,yes,925356.5450275398
3378,5,2,1,1,yes,yes,yes,1020356.52471381
4643,1,1,1,1,yes,yes,yes,920061.5969363189
4144,3,3,3,2,yes,no,yes,1030602.5701859298
4932,2,3,1,3,no,yes,no,984647.5495316569
2555,4,2,1,0,yes,no,yes,775076.378341997
1776,4,1,1,0,no,no,yes,582839.7948356224
3266,5,4,3,0,yes,no,no,1034171.0128998233
802,4,1,1,0,yes,yes,no,606813.0538844629
1138,2,3,3,0,no,yes,no,573227.2723480882
555,2,3,1,1,yes,yes,yes,605163.7994657995
1025,4,1,2,2,yes,no,no,604528.6204349123
4623,2,1,1,0,no,yes,no,799719.3894341885
2625,5,4,1,2,yes,yes,yes,957512.2534742545
3787,1,4,3,2,no,no,yes,829168.0112239545
864,5,1,3,1,no,no,no,628939.1909480735
2146,5,1,1,0,no,no,yes,594492.6200771957
1418,2,1,2,1,no,no,no,530875.3557722426
3297,1,1,1,0,no,no,no,574734.781621138
2031,2,2,1,1,yes,no,yes,592944.0063253079
3845,3,1,2,2,yes,yes,no,1006454.9582007969
2406,2,4,3,0,yes,no,yes,880823.1167745806
3586,2,3,1,3,no,yes,yes,858185.2502303078
2575,2,2,3,2,no,yes,yes,759705.3280589927
1213,1,1,3,3,no,yes,no,606889.107226086
1562,2,3,2,2,no,no,yes,605886.2958767922
2476,1,2,2,1,yes,yes,yes,747431.1852343857
1796,4,3,3,0,yes,no,no,806118.6920176831
625,3,1,1,2,no,no,no,427894.6560862041
4096,1,1,3,1,no,yes,no,787368.3724905
3783,4,4,1,0,yes,no,no,880128.1506838434
2103,1,1,1,0,no,yes,yes,511383.7071278595
566,1,1,2,2,no,yes,yes,458776.904612318
732,3,2,1,0,no,no,yes,426043.10432896
2656,5,4,1,2,yes,yes,no,931161.9254537186
1669,5,2,3,0,yes,yes,no,837908.0394993197
2658,1,3,2,3,no,yes,yes,705308.8756298412
4706,2,1,1,1,yes,no,no,819225.1095313601
1993,4,3,1,3,no,yes,no,822637.8198079107
4507,2,2,2,2,no,no,yes,870335.9405857979
2972,2,1,3,3,yes,no,yes,828078.2977538845
3160,1,1,2,2,no,yes,no,675501.6249645548
3239,1,2,2,0,no,yes,no,663875.4285563701
2261,1,2,1,0,yes,no,no,573346.0660951515
4014,1,2,1,2,no,no,yes,756545.984595334
2475,5,2,3,3,no,yes,yes,940777.2476080644
2862,1,2,1,0,no,yes,yes,629784.8773058617
1376,5,1,1,1,yes,no,yes,741983.1935397018
4312,5,2,2,0,no,no,yes,915890.8573658925
3948,1,1,1,1,yes,no,no,718072.5395035384
1812,3,1,3,3,no,no,no,660257.396210537
1960,4,2,2,1,no,no,no,637699.5141970265
3209,2,2,3,1,no,yes,yes,822445.901895261
2824,5,4,2,1,no,no,yes,870049.7061759435
2233,4,1,1,1,yes,no,yes,757415.0721210451
2105,3,2,2,0,yes,yes,no,700353.8003348686
3063,2,2,2,1,no,yes,yes,803170.0098726018
3921,2,2,1,0,no,no,yes,729900.8452873132
4017,5,4,1,1,no,no,no,923258.9842169887
2897,1,4,3,2,no,yes,yes,799559.0870103717
4235,3,3,3,3,no,no,no,989419.7338796239
3370,5,1,1,1,no,no,yes,802444.1359789813
1660,3,3,1,2,no,yes,yes,660982.5432151655
742,1,2,1,1,no,no,no,380743.89957024355
3090,1,4,2,1,yes,yes,no,796870.8255951602
1563,5,4,2,1,yes,yes,no,868465.5305756654
4824,1,3,2,2,yes,yes,no,1016964.1132721179
3095,4,4,1,3,no,yes,no,909238.7280834286
1419,2,2,3,2,no,no,no,623825.5463760992
505,5,4,1,3,no,yes,yes,710451.4889513697
967,3,3,2,1,yes,no,yes,655384.6599020078
4670,4,2,2,0,no,no,no,903004.6557919695
503,5,3,1,1,yes,no,yes,693937.0485772198
1145,1,4,1,3,no,no,no,538158.6938351428
617,1,3,2,2,yes,no,yes,553908.4952888609
3428,1,3,2,1,yes,yes,no,823670.0850891914
3051,1,1,2,2,yes,yes,yes,750610.243965104
4789,3,4,1,2,no,yes,yes,1042271.4356939008
1346,4,4,2,2,yes,yes,yes,845090.9997001064
3262,2,3,2,1,no,no,yes,779753.0893179631
1641,3,1,3,2,no,yes,yes,701809.4743234592
2310,3,4,1,2,no,no,no,683780.8583688978
1223,2,2,3,1,no,no,no,483491.9595624929
724,2,3,3,2,no,yes,no,538056.4374871239
4708,1,4,2,1,yes,yes,yes,1081629.6112055082
2548,3,2,1,3,no,yes,no,743690.5172869583
4915,5,4,2,3,no,yes,yes,1228630.0643289182
2073,2,2,1,3,no,no,yes,594931.1511045174
2328,2,3,3,2,no,no,yes,759065.7082153584
2417,4,4,1,0,no,yes,no,782554.1968771308
4734,5,4,2,0,yes,no,yes,1119327.1841673157
2526,5,1,2,2,yes,no,no,810814.8369246384
4244,2,3,2,0,no,no,no,772424.1694851818
1401,1,2,1,1,yes,yes,yes,594251.5205387867
2539,4,4,3,0,yes,no,yes,918913.2100942067
509,5,4,3,2,no,yes,no,752051.8202471596
760,2,2,1,2,yes,yes,no,604961.9032592061
2173,5,3,2,1,no,no,no,740851.2944971182
2719,4,1,3,3,yes,no,no,844300.1402691324
2560,4,1,2,2,yes,yes,no,856002.9706555546
4213,3,4,1,1,yes,no,no,885507.4555250716
2119,2,2,2,0,no,no,yes,612772.1249553185
820,4,4,3,0,yes,yes,no,764938.8979342838
1842,3,2,3,1,yes,yes,no,769058.8587727016
2876,3,1,2,1,no,yes,no,720793.4138025258
3332,5,3,1,2,no,yes,no,950499.873463637
3324,5,2,2,0,yes,no,yes,968744.438060156
2494,3,1,1,1,no,no,yes,627008.8442475994
3458,5,4,2,0,yes,yes,no,1053553.0647067362
2538,4,2,3,1,yes,yes,no,924701.1138552101
3990,1,3,1,0,no,yes,no,749065.7867687413
4177,4,4,1,3,no,no,yes,986536.0494111383
1618,3,4,1,2,no,yes,yes,733235.0312247181
2104,3,1,3,0,yes,no,yes,699227.4007121187
4527,4,2,2,3,no,yes,yes,1069833.1670788177
735,5,4,3,0,yes,yes,yes,836506.2123312122
2469,5,3,1,0,no,yes,yes,815204.031286196
4929,3,2,2,3,yes,no,no,986104.369644097
2408,2,3,3,0,no,no,yes,659972.0674576272
875,5,4,1,0,yes,no,yes,702923.1552762386
4030,4,3,1,2,no,yes,no,969851.1754191627
3135,5,1,3,3,yes,no,yes,1017074.7047121197
2070,4,3,3,3,no,no,no,820190.2274408371
3060,3,2,3,1,no,yes,yes,898287.4014720039
3891,5,3,1,0,yes,yes,no,1018979.2743574849
3465,4,3,3,2,no,no,no,910708.8023204089
4143,3,1,1,0,yes,no,no,785110.1800994436
4350,2,3,3,0,yes,no,no,984600.1379371993
1372,4,3,1,1,no,no,no,549664.6778486943
1752,2,4,1,0,yes,yes,yes,718762.0226462549
1814,2,4,2,2,no,yes,yes,756383.9701063614
3398,1,2,3,2,no,yes,no,805202.1273259402
577,5,4,3,1,yes,no,no,718047.3272868203
3121,4,4,1,0,no,no,no,759502.9099139723
4727,2,4,1,2,yes,yes,yes,1038731.3568364701
1100,1,4,1,0,yes,yes,no,500586.97311301937
1565,3,1,2,0,no,no,no,520409.80225234886
2636,4,4,2,0,no,no,no,742071.5381128007
2949,2,1,1,1,yes,yes,no,775064.4685413403
2843,5,1,3,0,yes,yes,yes,982755.2331456601
2363,1,4,3,2,no,yes,no,737542.0585064231
1818,2,3,2,0,no,no,no,537619.0140288739
4097,5,1,2,2,no,no,yes,963153.4820935703
4262,2,3,1,0,no,no,no,748523.7855225266
2690,4,3,3,2,yes,no,no,911086.1732667933
1492,4,4,1,2,no,no,yes,756249.073124959
3212,4,2,2,0,yes,no,yes,849257.3153395697
2692,1,4,3,0,yes,yes,yes,834140.7439405518
1748,4,2,3,2,no,yes,no,785991.6520090667
3554,5,2,2,3,yes,no,no,988395.7747464252
4533,2,4,1,1,no,yes,yes,985716.2552182511
2497,3,4,1,3,yes,no,yes,875053.7745903551
4187,5,2,3,3,no,yes,yes,1102133.2875449113
2651,5,4,2,0,yes,no,no,901222.0610682495
4518,4,2,3,1,yes,yes,no,1075661.737974366
3610,1,3,2,3,no,yes,yes,832100.2505693772
2470,2,4,1,0,no,no,no,602794.0606087126
697,1,3,2,3,yes,no,yes,622612.8348570535
3126,2,1,1,3,yes,yes,no,819963.3511935415
1702,2,3,2,0,no,yes,no,599522.6718050824
2535,1,3,3,0,yes,no,no,716935.5858440718
977,5,2,1,0,no,yes,no,615758.5613124749
1754,2,3,3,1,yes,no,yes,695303.2092312414
1422,1,4,3,3,no,no,no,602845.8714243507
919,2,2,1,0,yes,yes,no,529705.212120556
2704,3,1,1,2,no,no,yes,703250.7101077789
3097,5,4,3,3,no,yes,no,1017705.8849819371
1620,4,1,3,2,yes,yes,yes,814620.0627301768
3568,2,3,3,1,no,no,yes,830433.5912963958
1450,3,4,3,0,yes,yes,no,755637.2648801634
2836,4,4,1,2,no,no,no,783894.7234124909
2743,4,1,1,1,no,no,yes,706873.6128132662
3145,2,4,3,0,no,no,yes,783008.6750882664
2357,1,4,2,2,yes,yes,yes,844595.4822855846
2365,2,4,2,2,no,no,no,728928.8531801327
3412,3,3,1,1,yes,yes,yes,952087.3222887465
3353,4,1,3,0,no,no,yes,772164.0850453541
3728,2,4,3,0,yes,no,yes,913540.7901309449
4219,1,2,1,2,yes,no,no,796540.4364290341
3728,2,2,2,2,yes,yes,yes,887411.8022194977
2871,5,2,2,2,no,yes,no,860823.2484855215
3391,1,2,2,0,yes,no,no,703357.1009230235
4256,3,3,1,1,no,no,yes,857130.7775661282
4725,4,4,2,1,yes,yes,no,1137759.5053192675
594,2,1,1,0,yes,yes,yes,467975.14916169137
3174,1,4,1,3,yes,yes,no,828591.5294784949
2455,5,3,3,1,yes,no,no,915057.2925217974
1293,1,2,2,2,no,yes,yes,569606.0441427461
2334,5,3,1,3,yes,no,yes,921806.8073294365
2616,3,4,2,3,yes,yes,yes,978257.230859926
4606,4,1,2,1,no,no,no,883386.790937375
3825,3,3,3,3,yes,no,no,1001103.5664922537
3419,2,1,2,3,yes,no,yes,822900.2071591489
3097,1,3,3,1,yes,yes,yes,866593.1504291814
3705,5,1,1,1,yes,yes,no,923831.4758415088
1314,5,1,2,3,no,yes,no,758362.7329682878
845,1,2,1,2,no,no,no,376295.170984078
2849,1,1,2,0,yes,no,yes,696818.3033868419
862,2,2,1,3,no,yes,no,530544.8820606534
2943,3,4,2,3,no,no,yes,832730.1321503131
2765,5,4,2,2,yes,no,no,964033.1979700456
2688,2,2,2,3,no,no,no,708091.5479526353
3505,3,2,2,3,yes,yes,yes,993172.5762519246
3781,2,3,2,0,no,no,yes,790320.8805702372
1484,5,3,2,0,no,yes,yes,751856.2807493476
2139,1,3,2,0,no,yes,no,594623.0967943204
1327,1,4,2,1,yes,yes,no,654836.9456640643
3230,3,3,2,1,no,yes,no,810635.5255764447
4031,4,1,1,0,yes,yes,yes,920721.1218996104
4951,3,1,3,0,yes,no,no,1013739.1149874958
3435,4,3,2,1,no,yes,yes,956623.6151795422
4376,2,1,3,2,yes,yes,yes,1001170.2568388585
626,2,4,2,3,no,yes,yes,644189.7177147417
3677,5,1,2,3,yes,no,no,938342.6399698104
3556,4,4,1,0,yes,no,no,836287.8707826893
1103,5,2,1,2,no,no,yes,682823.9926243341
3949,1,2,3,1,no,no,no,756786.5342078463
4646,4,2,1,0,no,yes,yes,963168.9259154615
4033,3,2,1,2,no,yes,yes,910279.7161443885
3867,1,1,3,2,yes,no,no,913483.9497675911
3868,1,3,1,2,yes,no,yes,862872.8585873598
4297,3,1,2,1,yes,no,yes,903336.7920087558
2292,1,4,3,1,no,no,no,593788.7082423903
3361,4,1,3,3,yes,yes,yes,1072736.0729007826
3976,5,1,2,3,no,no,yes,998282.8756269002
3917,1,4,1,2,yes,no,yes,888951.8230265132
2145,4,2,3,2,no,no,yes,760113.6290730182
1705,2,2,3,1,yes,no,yes,706398.5616965193
3530,4,2,2,3,yes,no,yes,966299.644937696
3372,5,3,2,2,no,no,yes,967083.4565806289
3572,4,4,1,3,yes,no,no,1001679.7072181703
2354,3,4,3,3,no,yes,no,844095.8172351139
4521,5,1,1,2,yes,yes,yes,1136054.3048364627
3208,2,3,1,1,yes,yes,yes,859245.5719868813
4002,3,2,2,2,no,yes,no,914956.1963732595
1832,4,3,3,2,no,yes,no,763910.9990892758
701,5,4,3,3,yes,yes,no,882066.4351786469
4007,2,4,3,2,yes,no,no,950432.4683775599
4712,3,1,2,1,yes,no,no,950439.0036204252
1074,2,1,2,2,yes,yes,yes,691414.8800895378
1036,4,4,2,1,yes,no,no,717285.6062794905
2125,2,2,2,1,yes,yes,no,690474.3528070045
2622,1,2,2,3,no,no,no,645993.9827533276
885,3,3,3,0,no,no,yes,600553.6623736315
3781,2,4,1,0,no,no,yes,839858.0523920093
974,4,4,3,3,yes,no,yes,840019.0388270284
917,4,2,1,2,yes,no,yes,644135.7502632779
4100,2,2,2,3,yes,no,yes,968119.2367693913
1454,4,4,1,1,no,yes,yes,726569.6578308322
1705,5,1,3,0,no,yes,no,732907.5296913532
4620,5,4,3,3,yes,no,yes,1219145.7190887334
2490,5,4,1,2,yes,yes,yes,985326.9556158975
4072,1,2,2,3,no,no,no,773124.1409247131
4880,2,2,2,0,no,yes,yes,924149.5397278937
4658,1,1,3,3,no,no,no,823073.3791270753
3213,4,1,1,3,yes,yes,no,914946.8739103589
2703,1,3,2,0,yes,no,yes,682595.827494745
3620,4,4,2,1,yes,yes,no,992230.1619842801
1466,4,2,3,1,no,no,no,672886.0851217932
3932,3,1,2,0,no,yes,no,831732.5053426186
1188,5,3,1,3,yes,no,no,714571.8655795894
4743,4,3,3,0,yes,no,yes,1049413.348607026
4201,3,2,3,1,no,no,no,844837.7386381029
841,5,2,1,2,yes,yes,yes,760251.0301658041
2224,4,3,3,3,no,yes,no,902030.4872429651
4922,4,1,2,1,no,yes,no,982617.6629656244
2292,1,3,2,3,yes,no,no,681119.1685381591
2259,1,4,1,0,no,yes,yes,640357.5868724919
3712,5,4,2,2,yes,no,yes,1087779.5165425127
1489,4,2,1,0,no,yes,yes,607469.78077641
2762,2,1,1,2,no,yes,no,614948.1134524386
2982,1,1,2,3,yes,yes,no,732754.0749365411
1451,5,4,1,3,no,yes,no,864495.546047238
1222,4,3,2,0,yes,no,no,697999.4432082084
3889,4,2,3,2,yes,yes,yes,1081088.5182439392
2579,2,3,3,2,no,yes,no,811148.0046848679
3217,5,3,1,3,yes,no,yes,979658.311370156
2832,4,3,2,0,yes,no,no,865455.4119092119
3876,1,1,2,2,yes,yes,yes,880009.1937120836
2000,2,4,3,3,yes,yes,yes,875234.4625060811
785,5,1,3,1,yes,no,no,703894.6103748691
3995,2,4,2,0,yes,no,no,883625.5871817105
2565,1,2,1,1,no,no,yes,583448.0331653798
1268,5,2,3,0,yes,yes,no,803265.2106955233
3557,2,3,1,3,no,yes,no,826850.4431861278
4789,3,4,1,2,no,yes,yes,1062916.6166426023
2661,1,4,3,2,yes,no,yes,903614.20546453
3793,1,4,1,2,no,no,yes,816763.7570164867
1446,1,3,1,0,no,no,yes,471189.35480849136
3835,3,3,2,3,yes,yes,no,1009181.7925530128
4650,3,2,1,1,yes,no,yes,953977.9524599402
1981,4,1,2,3,yes,yes,yes,825416.1211616865
2401,2,4,3,1,no,no,yes,765036.3062765965
3951,4,4,3,0,no,yes,no,964652.3192502498
4564,2,1,2,0,yes,yes,yes,935226.3706385221
554,3,4,3,1,yes,no,no,670510.4610870599
2323,3,3,1,1,no,yes,yes,730180.2408861042
3962,4,3,1,1,no,no,yes,876431.3602841224
3579,5,4,1,3,no,yes,no,966975.5794168307
1332,4,3,3,1,no,no,yes,744359.8019691444
4908,2,3,1,0,yes,no,yes,915803.3440364136
3306,4,4,3,0,no,yes,no,913023.7251915615
2990,1,2,1,2,no,no,yes,585248.1174049842
827,2,1,2,1,no,yes,yes,517104.168565763
3810,2,3,3,3,no,no,yes,896001.1534091532
3800,5,2,3,3,yes,no,yes,1110455.7375090525
4175,3,3,1,3,yes,no,no,917261.0496912728
3554,2,3,3,2,no,no,yes,877425.423806054
2643,3,1,3,0,no,yes,no,669123.6834146165
1811,4,3,2,3,yes,no,yes,843334.6750005279
3691,1,1,2,0,yes,no,no,712564.6484941875
3038,5,1,1,2,no,yes,yes,875533.2202011825
4483,3,1,2,1,no,yes,no,898032.6461348081
664,2,2,1,1,yes,yes,yes,595060.150527826
4777,3,4,1,1,yes,yes,no,1092440.9611491915
1322,2,2,1,3,yes,yes,no,642531.7621506117
1443,3,4,3,1,yes,yes,yes,810264.7209458116
4925,2,4,2,3,yes,no,no,1064321.5184687828
1274,4,1,1,2,yes,yes,yes,718992.8184576742
2698,2,3,2,2,no,no,yes,767738.5913486654
3656,2,1,1,3,yes,yes,yes,872541.0015688363
4742,1,3,2,0,yes,no,yes,888459.6733410165
4195,2,4,2,1,yes,no,yes,968813.8125285803
3952,1,1,1,1,yes,no,no,667987.4662628903
1414,5,3,3,1,no,yes,yes,812377.1385872515
1808,1,2,2,3,no,yes,yes,635904.7827017496
4677,4,3,3,2,yes,yes,yes,1214314.1696231805
1013,1,1,3,1,no,yes,yes,496411.83711189404
2420,5,2,1,2,no,no,yes,755614.9858319615
4094,4,3,1,1,no,yes,yes,999107.410720892
1909,3,3,1,1,no,no,no,595496.1563624304
3690,3,3,2,3,no,no,no,889939.1155170888
4991,1,3,1,0,no,yes,yes,862846.3779584961
2055,1,3,1,3,yes,yes,no,698866.4711273737
1304,5,2,2,1,yes,yes,yes,831836.0328108764
1779,5,4,2,1,yes,no,yes,925326.6472286979
4077,2,2,1,0,yes,yes,yes,881171.4545948555
3401,5,2,1,2,yes,no,yes,955111.9331883887
1887,2,2,1,2,no,yes,yes,671644.5908321021
3261,4,4,1,1,yes,no,no,879705.6568454474
3179,1,1,3,2,yes,yes,no,816438.8757501827
2606,4,4,3,1,no,yes,no,915928.7761925709
4723,5,2,1,0,no,no,no,905024.7438490317
3268,4,3,3,0,yes,yes,yes,1027013.8733945097
